{"last_tab":"","food_demo":"1","prop_site_spinner":"0","spinner_image":{"url":"","id":"","height":"","width":"","thumbnail":""},"opt-theme-btn-color":{"regular":"#FFCC00","hover":"#231900"},"opt-theme-btn-shadow-color":{"color":"#7e33dd","alpha":".8","rgba":"rgba(0,0,0,0.5)"},"opt-theme-btn-text-color":{"regular":"#231900","hover":"#FFF"},"second-opt-theme-btn-color":{"regular":"#231900","hover":"#FFCC00"},"second-opt-theme-btn-shadow-color":{"color":"#7e33dd","alpha":".8","rgba":"rgba(0,0,0,0.5)"},"second-opt-theme-btn-text-color":{"regular":"#FFF","hover":"#231900"},"opt-sticky-header":{"regular":"#231900","hover":"#231900"},"section-bg-white":{"regular":"","hover":""},"section-bg-dark":{"regular":"","hover":""},"opt-typography-body":{"font-family":"Nunito","font-options":"","google":"1","font-weight":"400","font-style":"","font-size":"16px","color":"#4e4e4e"},"opt-typography-common":{"font-family":"Montserrat","font-options":"","google":"1","font-weight":"600","font-style":"","color":"#231900"},"opt-typography-tags":{"font-family":"Nunito","font-options":"","google":"1","font-weight":"400","font-style":"","color":"#4e4e4e"},"register_button_text":"Restaurant Search","food_register-page":"93","dashboard_button_text":"User Dashboard","food_vendor-dashboard":"97","call_order_text":"call and Order in","call_order_number":"+92-1243-4567","total_cart_text":"Shopping Cart","single_cart_page":"","single_product_button_text":"Search Products","single_product_button_page":"","prop_selected_header":"1","topbar-switch":"0","opt-text-location":"","opt-text-cell":"","prop_main_logo":{"url":"https:\/\/marketplace.foodotawp.com\/wp-content\/uploads\/2021\/05\/foodota-logo-main.svg","id":"2696","height":"","width":"","thumbnail":"https:\/\/marketplace.foodotawp.com\/wp-content\/uploads\/2021\/05\/foodota-logo-main.svg"},"prop_sticky_logo":{"url":"https:\/\/marketplace.foodotawp.com\/wp-content\/uploads\/2021\/05\/sticky.svg","id":"2485","height":"","width":"","thumbnail":"https:\/\/marketplace.foodotawp.com\/wp-content\/uploads\/2021\/05\/sticky.svg"},"social_media_header":{"Facebook":"https:\/\/www.facebook.com\/","Twitter":"","Linkedin":"","Google":"","YouTube":"","Vimeo":"","Pinterest":"","Tumblr":"","Instagram":"","Reddit":"","Flickr":"","StumbleUpon":"","Delicious":"","dribble":"","behance":"","DeviantART":""},"prop_selected_bread":"one","bread_back":{"url":"https:\/\/marketplace.foodotawp.com\/wp-content\/uploads\/2021\/04\/Normas.jpg","id":"1538","height":"1280","width":"1920","thumbnail":"https:\/\/marketplace.foodotawp.com\/wp-content\/uploads\/2021\/04\/Normas-150x150.jpg"},"number-of-restaurants":"12","food_search_restaurants":"93","blog_banner_1":{"url":"https:\/\/marketplace.foodotawp.com\/wp-content\/uploads\/2021\/05\/top-banner_.png","id":"2674","height":"100","width":"1170","thumbnail":"https:\/\/marketplace.foodotawp.com\/wp-content\/uploads\/2021\/05\/top-banner_-150x100.png"},"social-switch":"1","social-position":"2","footer_logo":{"url":"https:\/\/marketplace.foodotawp.com\/wp-content\/uploads\/2021\/05\/sticky.svg","id":"2485","height":"","width":"","thumbnail":"https:\/\/marketplace.foodotawp.com\/wp-content\/uploads\/2021\/05\/sticky.svg"},"logo_desc":"One is to focus on the quality of your meat.  If you can call out organic beef, sustainable farming.","foodota_phone_number":"+92300-400-2333","foodota_mail":"restaurant@gmail.com","our_service_heading":"Our Service","our_services_links":["93","895","696","784","1889"],"latest_news_heading":"Latest News","latest_news_links":["47","51"],"use_full_heading":"Useful Links","use_full_links":["93","696","784","602","865"],"copy_right":"Copyright 2022 \u00a9 Theme Created By <a href=\"https:\/\/scriptsbundle.com\/\">Scriptsbundle<\/a> All Rights Reserved","social-title":"Social Links","social_media":{"Facebook":"https:\/\/www.facebook.com\/","Twitter":"https:\/\/twitter.com\/login","Linkedin":"https:\/\/www.linkedin.com\/login?fromSignIn=true&trk=guest_homepage-basic_nav-header-signin","Google":"https:\/\/www.google.com\/","YouTube":"https:\/\/www.youtube.com\/","Vimeo":"","Pinterest":"","Tumblr":"","Instagram":"","Reddit":"","Flickr":"","StumbleUpon":"","Delicious":"","dribble":"","behance":"","DeviantART":""},"map-switch":"1","map-api-key":"AIzaSyAAJkfuJwGNuq4C_HWZwlQUgCW2L8Y0mc0","radius-search":"10","map-lati":"","map-longi":"","sub_not_heading":"OOPS!!!","main_not_heading":"Page Not Be FoundPage","not_detail":"when an unknown printer took a galley of type and scrambled it to make a type specimen book. It has survived not only five","not_text_button":"Go To Home","not_button_link":"https:\/\/marketplace.foodotawp.com\/","not_image":{"url":"https:\/\/marketplace.foodotawp.com\/wp-content\/themes\/foodota\/libs\/images\/options\/gv.png","id":"","height":"","width":"","thumbnail":""},"opt-multi-select":"","redux-backup":1}