{"foodota_blog_sidebar":{"search-2":{"title":""},"categories-3":{"title":"Food Categories","count":0,"hierarchical":0,"dropdown":0},"media_image-3":{"size":"full","width":380,"height":633,"caption":"","alt":"","link_type":"custom","link_url":"#","image_classes":"","link_classes":"","link_rel":"","link_target_blank":false,"image_title":"Advertisement","attachment_id":3338,"url":"https:\/\/marketplace.foodotawp.com\/wp-content\/uploads\/2021\/05\/sd.png","title":"Advertisement"},"recent-posts-2":{"title":"","number":5}},"rest_search":{"food_filter_widget-2":{"title":"Filters"},"food_categories_filter_widget-2":{"title":"Food Categories"},"media_image-4":{"size":"full","width":300,"height":533,"caption":"","alt":"","link_type":"custom","link_url":"#","image_classes":"","link_classes":"","link_rel":"","link_target_blank":false,"image_title":"Advertisement","attachment_id":1519,"url":"https:\/\/marketplace.foodotawp.com\/wp-content\/uploads\/2021\/04\/BuffetFood.jpg","title":"Advertisement"}},"rest_search_detail_right":{"food_top_rated_product_widget-5":{"title":"Best Selling Products"},"food_sale_product_widget-6":{"title":"Sale Products"}},"rest_search_detail_left":{"media_image-2":{"size":"full","width":300,"height":500,"caption":"","alt":"","link_type":"custom","link_url":"","image_classes":"","link_classes":"","link_rel":"","link_target_blank":false,"image_title":"Advertisement","attachment_id":593,"url":"https:\/\/marketplace.foodotawp.com\/wp-content\/uploads\/2021\/03\/sd.png","title":"Advertisement"}},"sidebar-wcfmmp-store":{"archives-2":{"title":"","count":0,"dropdown":0},"categories-2":{"title":"","count":0,"hierarchical":0,"dropdown":0},"meta-2":{"title":""},"food_sale_product_widget-2":{"title":"Sale Products"},"food_top_rated_product_widget-3":{"title":"Best Selling Products"},"food_sale_product_widget-4":{"title":"Sale Products"},"food_sale_product_widget-5":{"title":"Sale Products"},"food_top_rated_product_widget-4":{"title":"Best Selling Products"}}}